REGISTRO_PLANO;FAIXA_ETARIA;VL_COMERCIAL_MENSALIDADE
900.101/26-1;0 a 18;200,38
900.101/26-1;19 a 23;236,45
900.101/26-1;24 a 28;272,51
900.101/26-1;29 a 33;310,59
900.101/26-1;34 a 38;344,66
900.101/26-1;39 a 43;390,74
900.101/26-1;44 a 48;480,91
900.101/26-1;49 a 53;611,16
900.101/26-1;54 a 58;781,49
900.101/26-1;59 ou mais;1.102,10
900.102/26-0;0 a 18;221,58
900.102/26-0;19 a 23;261,47
900.102/26-0;24 a 28;301,35
900.102/26-0;29 a 33;343,46
900.102/26-0;34 a 38;381,13
900.102/26-0;39 a 43;432,09
900.102/26-0;44 a 48;531,80
900.102/26-0;49 a 53;675,83
900.102/26-0;54 a 58;864,18
900.102/26-0;59 ou mais;1.218,71
900.103/26-8;0 a 18;379,71
900.103/26-8;19 a 23;448,07
900.103/26-8;24 a 28;516,41
900.103/26-8;29 a 33;588,56
900.103/26-8;34 a 38;653,10
900.103/26-8;39 a 43;740,45
900.103/26-8;44 a 48;911,31
900.103/26-8;49 a 53;1.158,13
900.103/26-8;54 a 58;1.480,89
900.103/26-8;59 ou mais;2.088,43
900.201/26-5;0 a 18;186,00
900.201/26-5;19 a 23;219,48
900.201/26-5;24 a 28;252,96
900.201/26-5;29 a 33;288,30
900.201/26-5;34 a 38;319,92
900.201/26-5;39 a 43;362,70
900.201/26-5;44 a 48;446,40
900.201/26-5;49 a 53;567,30
900.201/26-5;54 a 58;725,40
900.201/26-5;59 ou mais;1.023,00
900.202/26-3;0 a 18;248,10
900.202/26-3;19 a 23;292,76
900.202/26-3;24 a 28;337,42
900.202/26-3;29 a 33;384,56
900.202/26-3;34 a 38;426,73
900.202/26-3;39 a 43;483,80
900.202/26-3;44 a 48;595,44
900.202/26-3;49 a 53;756,71
900.202/26-3;54 a 58;967,59
900.202/26-3;59 ou mais;1.364,55
